"customer_id","customer_name","customer_age_in_months","total_spent","total_orders","average_order_value","customer_lifetime_value"
1,"Leanna Busson",26.8,1641,3,547,2.041044776119403
7,"Winslow Ewbanck",23.733333333333334,1017,1,1017,1.428370786516854
10,"Susanetta Wilshin",26.166666666666668,270,1,270,0.34394904458598724
11,"Michaeline McIndrew",23.5,382,1,382,0.5418439716312057
12,"Fedora Dmych",22.766666666666666,1551,1,1551,2.2708638360175697
13,"Marabel Swinfon",19.4,332,1,332,0.570446735395189
15,"Avril Rossiter",24.966666666666665,2475,2,1237,3.3044058744993325
16,"Gabbie Aldwinckle",18.733333333333334,1256,1,1256,2.2348754448398576
18,"Chan Duchesne",27.7,2301,2,1150,2.7689530685920576
19,"Chadwick Cruddas",25,1172,1,1172,1.5626666666666666
20,"Gigi Kalaher",26.133333333333333,1520,2,760,1.9387755102040816
21,"Seana Hearons",28.2,2552,3,850,3.016548463356974
22,"Blayne Sabatier",25.966666666666665,2539,1,2539,3.2593068035943515
23,"Alair Grimwad",23.666666666666668,1268,1,1268,1.7859154929577465
25,"Ernaline Luce",24.7,1253,1,1253,1.6909581646423752
26,"Timothy Compston",21.233333333333334,1347,1,1347,2.1145996860282574
27,"Jayme Turvie",23.9,1265,1,1265,1.7642956764295676
28,"Hadley Baddam",22.1,2877,2,1438,4.339366515837104
34,"Ninon Corteney",19.966666666666665,866,1,866,1.4457429048414023
35,"Adamo Saddington",20.566666666666666,1640,2,820,2.658022690437601
40,"Regan Gronaller",26.733333333333334,1117,2,558,1.3927680798004987
41,"Hana Stitch",20.633333333333333,1417,1,1417,2.2891760904684975
42,"Horatius Genever",27.633333333333333,1099,1,1099,1.3256936067551266
44,"Avivah Chipchase",21.8,1194,1,1194,1.8256880733944953
45,"Vicki Stockwell",20.633333333333333,399,1,399,0.6445880452342488
46,"Meris Twitty",24.966666666666665,710,1,710,0.9479305740987984
47,"Jarrett Brumby",21.233333333333334,183,1,183,0.28728414442700156
49,"Shanna Pietrzyk",26.266666666666666,1392,3,464,1.766497461928934
50,"Moore Oolahan",27.166666666666668,2564,2,1282,3.1460122699386504
51,"Kayley Brosoli",25.4,3598,3,1199,4.721784776902887
52,"Marena Lockhart",19.066666666666666,1180,1,1180,2.062937062937063
54,"Tore Caras",22.266666666666666,1899,2,949,2.842814371257485
55,"Giles Kyne",23.9,1382,1,1382,1.9274755927475593
58,"Aurie Margett",25.033333333333335,2387,3,795,3.1784287616511318
60,"Hyacinth Pepper",21.7,725,1,725,1.1136712749615976
61,"Lin Avraam",23.8,236,1,236,0.33053221288515405
62,"Denice Ledrane",20.833333333333332,3682,2,1841,5.8912
64,"Annabella Devote",20.366666666666667,1487,1,1487,2.4337152209492636
68,"Willa Gaisford",20.566666666666666,1586,2,793,2.5705024311183142
69,"Tiphany Peacop",21.6,1234,1,1234,1.904320987654321
70,"Dulcea Shrawley",27.133333333333333,547,1,547,0.671990171990172
72,"Marinna Heal",23.266666666666666,569,1,569,0.8151862464183381
73,"Jehanna Water",27.033333333333335,876,1,876,1.0801479654747226
75,"Katinka Currier",27.266666666666666,2571,2,1285,3.143031784841076
76,"Chandra Carine",26.666666666666668,529,1,529,0.66125
77,"Angela Kester",20.366666666666667,1201,1,1201,1.9656301145662847
78,"Jethro Pollak",25.333333333333332,2412,2,1206,3.1736842105263157
79,"Persis Spiteri",19.9,1419,1,1419,2.3768844221105527
81,"Lanny Wardale",26.166666666666668,2508,2,1254,3.1949044585987263
83,"Kayne Fraczkiewicz",20.933333333333334,1240,1,1240,1.9745222929936306
84,"Minta Loble",23,3174,2,1587,4.6
85,"Cornie Virr",21.9,1664,1,1664,2.532724505327245
86,"Corinna Maystone",28.2,2342,2,1171,2.768321513002364
87,"Barbara-anne Salerg",20.8,1149,1,1149,1.8413461538461537
88,"Kendall Jakubski",25.066666666666666,2077,2,1038,2.761968085106383
89,"Matthiew Hinckes",27.233333333333334,908,1,908,1.1113831089351285
92,"Hillary Guiness",27.766666666666666,1678,3,559,2.014405762304922
93,"Law Foker",21.4,390,1,390,0.6074766355140186
94,"Otha Skein",20.9,1231,1,1231,1.963317384370016
95,"Pierre Rockwill",20.9,1932,1,1932,3.0813397129186604
96,"Garvy Davioud",26.2,1991,2,995,2.5330788804071247
97,"Dean McLarty",22.733333333333334,938,2,469,1.3753665689149561
99,"Benji Vineall",22.233333333333334,1256,1,1256,1.8830584707646176
100,"Wilhelm Blaber",28.1,3032,3,1010,3.5966785290628707
102,"Hurleigh Sieb",26.6,2805,3,935,3.5150375939849625
103,"Monica Teodorski",22.433333333333334,1733,1,1733,2.575037147102526
104,"Nanny Franey",22.7,819,1,819,1.2026431718061674
106,"Rachel Colebrook",28.366666666666667,2531,2,1265,2.9741480611045827
107,"Sandy Yushachkov",27.966666666666665,4385,4,1096,5.226460071513706
108,"Merrill Care",24.766666666666666,2831,3,943,3.810228802153432
110,"Giralda Trewin",24.433333333333334,941,1,941,1.2837653478854025
111,"Eada Viccary",21.266666666666666,917,1,917,1.4373040752351096
112,"Hadlee Douthwaite",28.033333333333335,1378,1,1378,1.638525564803805
113,"Hew Cardinal",22.033333333333335,1288,1,1288,1.9485627836611195
116,"Erik Osgar",21.3,685,1,685,1.0719874804381846
117,"Alexei Hurburt",21.666666666666668,1824,1,1824,2.806153846153846
118,"Meghan Simic",28.333333333333332,788,1,788,0.9270588235294117
120,"Didi Garton",22.4,714,1,714,1.0625
123,"Yardley Dreamer",27.133333333333333,3976,4,994,4.884520884520884
124,"Pate De Ambrosis",25.3,494,1,494,0.6508563899868248
125,"Lesli Pitfield",19.366666666666667,1612,1,1612,2.774526678141136
127,"Merl Gayforth",28.066666666666666,1145,1,1145,1.3598574821852731
128,"Daisy Camillo",23,1503,1,1503,2.1782608695652175
129,"Beatrisa Winterscale",24.933333333333334,4399,3,1466,5.8810160427807485
133,"Bette-ann Harteley",19.733333333333334,697,1,697,1.177364864864865
134,"Raul Pockey",27.166666666666668,605,1,605,0.7423312883435583
135,"Mycah Rodie",21.833333333333332,1537,2,768,2.3465648854961834
139,"Vida Matchitt",26.633333333333333,923,1,923,1.1551939924906132
142,"Valerie D'Errico",22.433333333333334,714,1,714,1.0609212481426449
144,"Elaina Agate",21.866666666666667,998,1,998,1.521341463414634
146,"Lawry Mannooch",21.1,616,1,616,0.9731437598736177
148,"Ikey Spohr",21.866666666666667,2376,1,2376,3.6219512195121952
150,"Biddy Devanney",22.666666666666668,721,1,721,1.0602941176470588
155,"Myrle Kelby",27.133333333333333,1366,2,683,1.6781326781326782
156,"Cosmo Leys",22.766666666666666,1675,2,837,2.452415812591508
158,"Ann-marie Sinden",24.9,879,1,879,1.176706827309237
160,"Christi Reston",21.1,1412,1,1412,2.230647709320695
161,"Katalin Tellesson",23.066666666666666,1328,1,1328,1.9190751445086704
163,"Harrietta Burchatt",26.5,3494,3,1164,4.39496855345912
167,"Alayne Ipplett",27.633333333333333,738,1,738,0.8902291917973462
169,"Wald Kaine",24.5,858,1,858,1.1673469387755102
171,"Mariellen Medendorp",24.433333333333334,697,1,697,0.9508867667121419
176,"Curtis McCarroll",26.133333333333333,412,1,412,0.5255102040816326
178,"Gunner Murdie",27.233333333333334,1079,1,1079,1.3206854345165238
179,"Leeann Gowdie",20,1587,2,793,2.645
180,"Nelli Engall",27,2300,3,766,2.8395061728395063
181,"Puff Newbury",26.733333333333334,2159,2,1079,2.6920199501246884
183,"Martin O'Mailey",22.4,3374,3,1124,5.020833333333333
185,"Darrelle Padson",20.7,600,1,600,0.966183574879227
187,"Trenton Lydiard",23.9,1998,1,1998,2.786610878661088
189,"Deedee Pashe",22.266666666666666,1732,3,577,2.592814371257485
191,"Isis Doel",24.233333333333334,1005,1,1005,1.3823933975240714
192,"Tommy Ebunoluwa",28,1493,1,1493,1.7773809523809523
195,"Tobye De Caville",24.6,719,1,719,0.9742547425474255
196,"Erroll Michelle",23.3,1110,1,1110,1.5879828326180256
198,"Yevette Weekes",19.233333333333334,417,1,417,0.7227036395147314
199,"Clayson Mealing",22.666666666666668,675,1,675,0.9926470588235294
201,"Loni Tort",23.666666666666668,3519,2,1759,4.956338028169014
203,"Angil Crunden",26.933333333333334,942,1,942,1.1658415841584158
204,"Bird McGarvie",18.833333333333332,1583,1,1583,2.8017699115044246
206,"Crin Johnikin",27.766666666666666,5581,4,1395,6.699879951980792
207,"Brade Caught",26.033333333333335,3320,3,1106,4.250960307298335
208,"Shaylyn Musla",20.166666666666668,919,1,919,1.51900826446281
209,"Lauryn Deport",27.766666666666666,3477,3,1159,4.17406962785114
211,"Rowena Doe",19.866666666666667,688,1,688,1.1543624161073827
212,"Evelyn Chevolleau",28.366666666666667,526,1,526,0.618096357226792
214,"Whitaker Pashen",22.7,621,1,621,0.9118942731277533
218,"Worthington Knapton",24.566666666666666,1069,1,1069,1.4504748982360922
219,"Jerald MacMeeking",18.9,921,1,921,1.6243386243386244
221,"Araldo Washtell",27.7,1282,1,1282,1.542719614921781
223,"Saxe Stormonth",18.9,551,1,551,0.9717813051146384
224,"Shelbi Impson",28.266666666666666,1649,1,1649,1.9445754716981132
225,"Monty Gowen",26.566666666666666,1887,2,943,2.3676286072772896
227,"Isaak Ferrarone",20.7,1765,1,1765,2.8421900161030598
228,"Zaria Garken",22.666666666666668,1797,2,898,2.6426470588235293
230,"Bourke Pembery",20.3,873,1,873,1.4334975369458127
232,"Kaitlyn Pinare",20.2,499,1,499,0.8234323432343235
233,"Beverlie Blance",21.833333333333332,632,1,632,0.9648854961832061
234,"Duncan Walliker",22.1,2461,2,1230,3.7119155354449473
236,"Anders Couvert",27.333333333333332,2692,3,897,3.2829268292682925
237,"Cassaundra Sliman",22.9,2469,1,2469,3.593886462882096
238,"Hilda Peter",24.933333333333334,925,1,925,1.2366310160427807
239,"Daria Embleton",25.266666666666666,501,1,501,0.6609498680738787
240,"Brian Finnes",21.866666666666667,2536,2,1268,3.8658536585365852
241,"Valentine Marley",27.466666666666665,1467,2,733,1.7803398058252426
244,"Faunie Cooney",27.333333333333332,3983,3,1327,4.857317073170732
246,"Lucias Forsythe",24.966666666666665,477,1,477,0.636849132176235
247,"Atlante McGrotty",22.8,1558,2,779,2.2777777777777777
250,"Lavina Dartnell",27.2,1396,2,698,1.7107843137254901
251,"Jeanne Pringer",26.133333333333333,537,1,537,0.6849489795918368
254,"Scot Billany",25.166666666666668,2491,2,1245,3.299337748344371
256,"Dulcia Gawthorpe",24.366666666666667,3214,2,1607,4.39671682626539
257,"Trista Aspray",24.466666666666665,1016,1,1016,1.3841961852861036
258,"Mira Heinonen",27.533333333333335,3773,2,1886,4.567796610169491
260,"Whitney Scarman",22.166666666666668,2184,2,1092,3.2842105263157895
263,"Ringo Sollars",22.2,419,1,419,0.6291291291291291
264,"Vite Durrant",28.1,1654,1,1654,1.9620403321470936
265,"Ianthe Magowan",20.266666666666666,743,1,743,1.2220394736842106
266,"Sheff Ruoss",24.866666666666667,3183,2,1591,4.266756032171582
267,"Lionel Mansel",27.3,2016,2,1008,2.4615384615384617
268,"Muire Ashtonhurst",25.5,1109,1,1109,1.449673202614379
269,"Rutger Hugonnet",25.6,2029,2,1014,2.6419270833333335
272,"Kendre Etherton",21.866666666666667,1648,2,824,2.5121951219512195
273,"Dag Schiefersten",28.033333333333335,1169,1,1169,1.390011890606421
276,"Silas Chaman",28.4,1163,1,1163,1.3650234741784038
278,"Michele Osmant",20.5,1826,1,1826,2.9691056910569107
282,"Wren Helgass",27.533333333333335,7632,5,1526,9.239709443099274
283,"Jaymee Dalrymple",25.6,1187,1,1187,1.5455729166666667
286,"Gert Brackstone",20.566666666666666,1606,1,1606,2.6029173419773097
288,"Matilde Yanuk",22.733333333333334,682,1,682,1
289,"Rafferty Fronek",28,1234,1,1234,1.4690476190476192
290,"Alia Rapinett",25.2,2144,1,2144,2.835978835978836
291,"Brodie Hedin",19.9,1017,1,1017,1.7035175879396984
292,"Aldin Moline",24.166666666666668,2100,2,1050,2.896551724137931
298,"Roobbie Persich",18.733333333333334,635,1,635,1.1298932384341638
299,"Anny Midden",28.4,1608,2,804,1.8873239436619718
300,"Darren Karpenko",27.466666666666665,1431,1,1431,1.7366504854368932
301,"Elga Corgenvin",27.233333333333334,1093,1,1093,1.3378212974296206
303,"De Lourens",20.2,1747,1,1747,2.882838283828383
305,"Meryl Kender",24.266666666666666,887,1,887,1.2184065934065933
306,"Silas Stephens",19.8,3331,2,1665,5.607744107744108
308,"Zeb Shipton",26.3,1823,2,911,2.3105196451204058
309,"Ulla Crombie",25.733333333333334,1567,1,1567,2.0297927461139897
310,"Sharyl Royl",28.1,2389,2,1194,2.833926453143535
311,"Constantino Langworthy",27.466666666666665,1815,1,1815,2.2026699029126213
313,"Courtnay Cornewell",21.066666666666666,961,1,961,1.5205696202531647
315,"Jeff Curness",23.4,1798,2,899,2.561253561253561
316,"Sadella Goodsall",27.833333333333332,655,1,655,0.7844311377245509
317,"Gates Torrance",26.366666666666667,2131,2,1065,2.694058154235145
318,"Glyn Tieman",26.8,2248,3,749,2.7960199004975124
320,"Dani Pinches",26.166666666666668,1296,1,1296,1.650955414012739
321,"Jena Kelling",18.6,205,1,205,0.3673835125448029
323,"Ellerey Kaesmakers",25.1,1571,1,1571,2.086321381142098
325,"Robinetta Deners",24.6,2570,3,856,3.4823848238482387
326,"Meade Yglesia",27.4,2716,2,1358,3.3041362530413627
327,"Lynda Seydlitz",27.166666666666668,2851,2,1425,3.4981595092024538
328,"Wadsworth Olivier",25.9,2866,3,955,3.6885456885456884
329,"Valery Pache",28.266666666666666,1245,1,1245,1.4681603773584906
330,"Barclay Kinsella",19.8,345,1,345,0.5808080808080808
331,"Binnie Gonzales",27.233333333333334,2061,2,1030,2.522643818849449
332,"Carla Walework",27.333333333333332,667,2,333,0.8134146341463414
333,"Con Pressdee",23.6,960,1,960,1.3559322033898304
334,"Udale Ripping",21.9,1054,1,1054,1.604261796042618
336,"Julian Sponer",27.7,583,1,583,0.7015643802647413
337,"Milton Otson",25.6,1452,1,1452,1.890625
338,"Eve Stutard",21.233333333333334,980,1,980,1.5384615384615385
341,"Cherlyn Asmus",25.466666666666665,3291,3,1097,4.307591623036649
342,"Tymothy Linsay",25.7,715,1,715,0.9273670557717251
343,"Violet Alwen",19.8,1159,1,1159,1.9511784511784511
345,"Merrielle Piken",28,1459,1,1459,1.736904761904762
346,"Kerianne Parris",27.833333333333332,204,1,204,0.24431137724550897
347,"Lyn Bouts",26.3,1527,1,1527,1.935361216730038
348,"Thorny Nornable",24.6,5119,5,1023,6.936314363143631
350,"Dani Hawtin",20.966666666666665,1286,1,1286,2.044515103338633
352,"Justin Marden",21.033333333333335,578,1,578,0.9160063391442155
357,"Crawford Bolden",21.1,738,1,738,1.1658767772511849
358,"Jermaine Goranov",20.333333333333332,1166,1,1166,1.9114754098360656
359,"Augustin Brandenberg",19.566666666666666,2074,1,2074,3.533219761499148
360,"Iain Fellnee",26.5,1432,1,1432,1.8012578616352202
362,"Persis Linch",19.7,1338,1,1338,2.263959390862944
364,"Konstantin Kuhlmey",21.333333333333332,986,1,986,1.540625
365,"Tammie Gavrielli",24.666666666666668,755,1,755,1.0202702702702702
366,"Geraldine Naulty",23.233333333333334,1141,1,1141,1.637015781922525
367,"Hildagarde Dell 'Orto",22.133333333333333,1842,2,921,2.7740963855421685
368,"Mady Greenleaf",20.066666666666666,770,1,770,1.2790697674418605
369,"Ephrem Hambers",24.166666666666668,1678,2,839,2.3144827586206898
370,"Hildegarde Bamlett",25.533333333333335,2165,2,1082,2.8263707571801566
371,"Etan Peirazzi",20.933333333333334,1287,2,643,2.049363057324841
372,"Griffy Wenger",22.766666666666666,1066,1,1066,1.560761346998536
375,"Ninetta Phizakarley",25.933333333333334,1260,2,630,1.6195372750642674
382,"Emanuele Deesly",28.3,4103,2,2051,4.832744405182567
383,"Nathanil Runchman",26.533333333333335,1179,2,589,1.4811557788944723
387,"Alameda Fincke",23.566666666666666,2755,2,1377,3.896746817538897
388,"Dame Popov",22.533333333333335,624,1,624,0.9230769230769231
389,"Caroljean Elstob",22.633333333333333,1085,1,1085,1.597938144329897
390,"Bee Mazonowicz",28.2,307,1,307,0.3628841607565012
391,"Reed Churchlow",26.633333333333333,650,1,650,0.8135168961201502
394,"Eba Bauser",26.333333333333332,1691,1,1691,2.140506329113924
397,"Collie Jakel",27.4,748,1,748,0.9099756690997567
398,"Damiano Leyborne",25.833333333333332,1764,1,1764,2.2761290322580647
399,"Ailene McKeller",26.766666666666666,590,1,590,0.7347447073474471
401,"Waylen Swallwell",28.1,3093,4,773,3.6690391459074734
402,"Zak Titterton",20.7,2004,2,1002,3.2270531400966185
404,"Teddy Gell",27.433333333333334,1803,1,1803,2.1907654921020656
407,"Murdock Bulfit",24.266666666666666,1352,1,1352,1.8571428571428572
408,"Alis MacCulloch",21.233333333333334,1085,1,1085,1.7032967032967032
409,"Alphonse Galego",25.233333333333334,2431,2,1215,3.211360634081902
412,"Chandal Fransinelli",26.3,1951,3,650,2.472750316856781
413,"Alexis Maps",27.6,1710,1,1710,2.0652173913043477
414,"Ansel Chittem",25.866666666666667,734,2,367,0.9458762886597938
415,"Ashley Gant",22.733333333333334,2269,2,1134,3.3269794721407626
416,"Leonore Yakunikov",22.633333333333333,2057,2,1028,3.0294550810014726
417,"Bay Kraut",20.766666666666666,585,1,585,0.9390048154093098
418,"Luelle Fernanando",26.833333333333332,2258,2,1129,2.804968944099379
419,"Chaddie Fawlkes",20.766666666666666,452,1,452,0.7255216693418941
421,"Kellyann Stening",27.366666666666667,321,1,321,0.3909866017052375
422,"Farah Schukert",25.966666666666665,3270,3,1090,4.197689345314505
423,"Datha Vicary",25.466666666666665,1426,1,1426,1.8664921465968587
426,"Augusto Ackrill",21.2,1298,1,1298,2.040880503144654
427,"Tomaso Mullin",23.166666666666668,2334,3,778,3.358273381294964
428,"Jammal Varcoe",23.633333333333333,946,2,473,1.3342736248236953
431,"Ronni Gruszczak",27.9,3565,3,1188,4.2592592592592595
432,"Ettie Gonnely",25.366666666666667,1210,1,1210,1.5900131406044677
433,"Candis Roswarne",27.4,2231,3,743,2.7141119221411194
434,"Marci Borrett",22.7,533,1,533,0.7826725403817915
435,"Aldridge Tesh",23.2,212,1,212,0.3045977011494253
436,"Meredith Canniffe",26,1080,1,1080,1.3846153846153846
439,"Daren Airs",28.066666666666666,3916,4,979,4.65083135391924
441,"Artemas Vasilischev",25.7,2893,2,1446,3.7522697795071336
442,"Hobie Anfusso",26.566666666666666,690,1,690,0.8657465495608532
443,"Melodee Spencley",23.9,2604,2,1302,3.6317991631799162
445,"Margret Yeabsley",25.733333333333334,3155,2,1577,4.08678756476684
446,"Benny Songist",27.3,1620,2,810,1.978021978021978
447,"Shena Solomonides",19.833333333333332,408,1,408,0.6857142857142857
448,"Ashely Inmett",18.6,831,1,831,1.489247311827957
450,"Devonne Martinetto",22.466666666666665,480,1,480,0.712166172106825
452,"Toddie Snow",18.833333333333332,1450,1,1450,2.566371681415929
453,"Guthry Ure",23.566666666666666,1733,1,1733,2.4512022630834513
454,"Abey Bampforth",26.466666666666665,2395,2,1197,3.0163727959697733
455,"Wash Kyneton",24.766666666666666,400,1,400,0.5383580080753702
456,"Joelynn Remington",22.566666666666666,1316,2,658,1.9438700147710488
457,"North Diamond",27.933333333333334,2866,2,1433,3.420047732696897
458,"Romy Cuberley",26.933333333333334,691,1,691,0.8551980198019802
460,"Frederich Duigenan",24.966666666666665,797,1,797,1.0640854472630175
461,"Alina Strotton",27.8,3619,3,1206,4.339328537170264
462,"Francklyn Willeman",22.666666666666668,951,1,951,1.3985294117647058
463,"Iago Jedrzaszkiewicz",24.666666666666668,1736,2,868,2.345945945945946
465,"Mallory Castellani",26.066666666666666,4807,4,1201,6.147058823529412
466,"Vinnie Feaver",26.533333333333335,2066,1,2066,2.5954773869346734
467,"Cacilie Forrestill",28.2,3564,2,1782,4.212765957446808
468,"Maegan Ashton",19.6,1365,1,1365,2.3214285714285716
469,"Faber Purcell",23.466666666666665,2785,4,696,3.955965909090909
470,"Trudey Betteridge",25.433333333333334,1548,2,774,2.0288335517693317
471,"Hayyim Trewhella",26.333333333333332,1867,1,1867,2.3632911392405065
472,"Hal Saker",27.333333333333332,2863,2,1431,3.4914634146341466
473,"Lori Briars",27.3,2175,2,1087,2.6556776556776556
474,"Clem Margetts",20.766666666666666,1529,1,1529,2.4542536115569824
476,"Orton Heigl",24.266666666666666,1119,1,1119,1.5370879120879122
478,"Krystle Boyce",24.366666666666667,1834,1,1834,2.508891928864569
479,"Dunc Swynley",28.4,1610,2,805,1.8896713615023475
482,"Stanley Kolakowski",26.666666666666668,1164,1,1164,1.455
485,"Gayleen Brookes",26.8,3864,3,1288,4.8059701492537314
486,"Alexis Cheake",24.1,724,1,724,1.0013831258644537
489,"Isahella Enrique",22.3,1970,1,1970,2.9446935724962633
490,"Bank Sargeaunt",26.333333333333332,2420,3,806,3.0632911392405062
492,"Jolee Stailey",25.066666666666666,1626,2,813,2.1622340425531914
493,"Andrew Renn",28.133333333333333,3015,3,1005,3.572274881516588
496,"John Panchen",27.266666666666666,1203,1,1203,1.4706601466992666
497,"Claudio Archibould",26.666666666666668,768,2,384,0.96
499,"Henrietta Briatt",20.433333333333334,921,1,921,1.502446982055465
500,"Carlen Kelway",26.366666666666667,1039,1,1039,1.313527180783818
501,"Archibaldo Taffurelli",25.533333333333335,1084,2,542,1.4151436031331592
502,"Neilla Halladey",23.266666666666666,1693,2,846,2.4255014326647566
504,"Marilyn Rontree",24.8,2130,2,1065,2.8629032258064515
506,"Eddie Elcott",23.733333333333334,885,1,885,1.2429775280898876
507,"Brooks Sayers",23,1393,1,1393,2.0188405797101447
508,"Jan Isenor",20.133333333333333,1714,1,1714,2.837748344370861
510,"Kinny Roget",27.433333333333334,1372,2,686,1.6670716889428918
513,"Corri Womack",20.366666666666667,1244,1,1244,2.0360065466448445
515,"Joannes Pandie",26.7,3326,4,831,4.15230961298377
516,"Malcolm Paal",24.6,1625,1,1625,2.2018970189701896
518,"Margalo Cousen",25.6,1032,1,1032,1.34375
522,"Ailina Kynan",24.466666666666665,1263,2,631,1.720708446866485
523,"Grissel Harteley",20.066666666666666,641,1,641,1.064784053156146
524,"Beverlie Bansal",20.166666666666668,726,1,726,1.2
526,"Ellyn Collacombe",21.033333333333335,2358,3,786,3.7369255150554674
528,"Cad Dominichetti",24.7,1378,2,689,1.8596491228070176
530,"Leroi Weal",25.933333333333334,1423,3,474,1.8290488431876606
534,"Fanchette Polak",20.066666666666666,1680,1,1680,2.7906976744186047
535,"Kerry Luto",22.7,2586,2,1293,3.797356828193833
537,"Beverly Burbridge",26.166666666666668,2146,3,715,2.7337579617834393
539,"Sonny Tremollet",25.166666666666668,3775,3,1258,5
545,"Jakob Munks",24.466666666666665,500,1,500,0.6811989100817438
548,"Nicky Giuron",19.233333333333334,1605,1,1605,2.781629116117851
549,"Barclay Beswick",26.966666666666665,3624,4,906,4.479604449938195
550,"Marna Lammerts",19.533333333333335,390,1,390,0.6655290102389079
551,"Theodor Skipton",28.2,1754,2,877,2.0732860520094563
553,"Niels Loadsman",28.033333333333335,2167,2,1083,2.5766944114149823
554,"Lisetta Griffin",25.233333333333334,708,1,708,0.9352708058124174
555,"Kalil Thal",19,978,1,978,1.7157894736842105
556,"Nessy Kildea",27.033333333333335,2048,2,1024,2.525277435265105
557,"Kyle Lowbridge",25.633333333333333,1807,1,1807,2.3498049414824447
558,"Lizette Lindro",23.266666666666666,2712,3,904,3.8853868194842405
562,"Joy Mirrlees",24.866666666666667,1430,2,715,1.9168900804289544
564,"Shoshana Redsell",22.166666666666668,1786,1,1786,2.6857142857142855
565,"Hoebart Edger",27.866666666666667,3264,2,1632,3.9043062200956937
566,"Melissa Partkya",25.733333333333334,5435,5,1087,7.040155440414508
567,"Andi Kettleson",21.766666666666666,1370,1,1370,2.098009188361409
568,"Gallard Mangan",21.6,2084,2,1042,3.2160493827160495
570,"Henryetta Sheffield",25.133333333333333,1370,2,685,1.8169761273209548
571,"Kristofor Roos",27.933333333333334,6640,6,1106,7.923627684964201
572,"Raquela Swinnard",24.366666666666667,1612,1,1612,2.2051983584131327
573,"Atlante Dissman",27.966666666666665,2631,3,877,3.135876042908224
574,"Ranna Paolillo",26.2,3318,3,1106,4.221374045801527
577,"Hillier Seward",24.133333333333333,1936,3,645,2.6740331491712706
578,"Riordan Goreway",27.533333333333335,1101,1,1101,1.3329297820823245
581,"Fabian Gostage",27.166666666666668,4216,3,1405,5.1730061349693255
583,"Prissie Dumelow",20.6,645,1,645,1.0436893203883495
585,"Alicea Momford",27.6,2411,2,1205,2.9118357487922704
586,"Wenona Stuck",25.133333333333333,815,2,407,1.0809018567639257
587,"Carmita Grundey",27.666666666666668,2003,2,1001,2.4132530120481928
588,"Nicole Cheel",22.8,1691,2,845,2.4722222222222223
589,"Calhoun Raphael",24.033333333333335,3352,2,1676,4.6490984743411925
592,"Salomo Shuttell",21.366666666666667,295,1,295,0.46021840873634945
595,"Thomasine Baudet",28.233333333333334,2548,3,849,3.0082644628099175
597,"Hi Simenel",25.333333333333332,427,1,427,0.5618421052631579
601,"Sol Adhams",28.133333333333333,1585,2,792,1.877962085308057
602,"Kip Cantwell",27.166666666666668,2267,1,2267,2.78159509202454
605,"Stanleigh Hazelton",19.5,2296,2,1148,3.9247863247863246
606,"Averyl Atthow",26.7,1799,2,899,2.2459425717852683
607,"Angie O Mullen",20.266666666666666,818,1,818,1.3453947368421053
609,"Vin Rubenovic",28.333333333333332,1318,1,1318,1.5505882352941176
610,"Sadye Pes",26.033333333333335,836,1,836,1.0704225352112675
611,"Conny Chowne",26.366666666666667,2812,2,1406,3.554993678887484
612,"Leann Kittow",23.566666666666666,820,1,820,1.15983026874116
614,"Sherwynd Batsford",27.1,2522,3,840,3.1020910209102093
615,"Jacquelin Santostefano.",23.6,943,1,943,1.3319209039548023
620,"Phillipe Gatecliffe",27.566666666666666,3884,4,971,4.6964933494558645
623,"Hort Ridding",27.6,4214,3,1404,5.0893719806763285
625,"Zorina Rabl",25.333333333333332,950,1,950,1.25
626,"Tann Scothron",25.266666666666666,523,1,523,0.6899736147757256
627,"Codie Everly",22.833333333333332,837,2,418,1.2218978102189781
628,"Frayda Simonini",23.066666666666666,1696,2,848,2.4508670520231215
629,"Sigismundo Basek",26.766666666666666,3553,3,1184,4.424657534246576
630,"Nicholle Coom",27.566666666666666,2109,2,1054,2.5501813784764207
631,"Wanids Cudby",20.9,2077,1,2077,3.3125996810207337
632,"Darby Jeffries",23.3,1664,2,832,2.380543633762518
634,"Channa Powley",24.866666666666667,1755,1,1755,2.3525469168900806
636,"Nara Legerwood",26.833333333333332,1997,2,998,2.480745341614907
637,"Morie Woodfield",20.266666666666666,1169,1,1169,1.9226973684210527
638,"Olympia Stobbs",19.3,1101,1,1101,1.9015544041450778
639,"Tobin Jeffryes",26.733333333333334,3766,3,1255,4.695760598503741
640,"Uriel Cottingham",20.333333333333332,693,1,693,1.1360655737704919
641,"Zebulon Rousel",25.933333333333334,2146,2,1073,2.7583547557840618
643,"Pietro Duling",25.766666666666666,4122,3,1374,5.332470892626132
644,"Ashlie Godwyn",28.033333333333335,2036,2,1018,2.4209274673008325
647,"Malory Emmison",21.9,1856,2,928,2.8249619482496193
648,"Jaquelyn Dow",24.433333333333334,3485,3,1161,4.754433833560709
649,"Willey Tolley",22.7,2264,1,2264,3.3245227606461087
651,"Beckie Nasey",26.1,937,1,937,1.1966794380587484
652,"Roley Cassedy",23.866666666666667,563,1,563,0.7863128491620112
653,"Pieter Bruton",19.433333333333334,1485,1,1485,2.547169811320755
654,"Gareth Bindon",23.366666666666667,1211,1,1211,1.7275320970042796
655,"Jillene Goodbanne",27.766666666666666,574,1,574,0.6890756302521008
657,"Orran Skip",27.1,3103,2,1551,3.816728167281673
659,"Ira Dafforne",25.266666666666666,3314,3,1104,4.372031662269129
660,"Slade Villaret",27.933333333333334,719,1,719,0.8579952267303103
661,"Engracia Abilowitz",23.9,742,1,742,1.0348675034867503
662,"Nerita Peotz",19.333333333333332,621,1,621,1.0706896551724139
664,"Dannie Fidler",28.1,6341,5,1268,7.5219454329774615
665,"Jedidiah Sydall",24,2082,1,2082,2.8916666666666666
667,"Annice Kelcey",28.266666666666666,505,1,505,0.5955188679245284
669,"Bobbi Pickerill",27.533333333333335,857,1,857,1.0375302663438257
673,"Carlynn McCabe",19.766666666666666,632,1,632,1.0657672849915683
674,"Marthena Matterson",19.466666666666665,1508,2,754,2.5821917808219177
676,"Haslett Edwins",28.366666666666667,1289,1,1289,1.5146886016451233
677,"Nady Buston",27,2669,2,1334,3.2950617283950616
678,"Dare Andrich",19.866666666666667,1437,1,1437,2.411073825503356
679,"Osgood Percifer",27.266666666666666,2788,2,1394,3.4083129584352077
680,"Camellia Heatherington",25.333333333333332,3349,3,1116,4.406578947368421
681,"Shermy Mulbry",24,799,1,799,1.1097222222222223
682,"Alon Abramsky",23.666666666666668,1226,1,1226,1.7267605633802816
683,"Esteban Hensmans",28.066666666666666,5657,3,1885,6.718527315914489
684,"Camala Llywarch",21.333333333333332,456,1,456,0.7125
686,"Elbertina Gaish",20.8,1281,1,1281,2.0528846153846154
687,"Amalia Eallis",18.533333333333335,1122,1,1122,2.0179856115107913
690,"Arlie Bowman",27.4,3693,3,1231,4.492700729927007
691,"Silvie Bortol",26.166666666666668,2147,2,1073,2.735031847133758
692,"Perceval Umbers",27.4,3037,2,1518,3.6946472019464722
693,"Hetti Fibbens",25.666666666666668,1893,3,631,2.4584415584415584
696,"Miner Craddock",26.1,2425,2,1212,3.0970625798212006
697,"Antonia Yeardsley",22.8,740,1,740,1.0818713450292399
698,"Cary Boaler",22.166666666666668,1772,1,1772,2.6646616541353385
703,"Diann Grieger",21.533333333333335,2227,2,1113,3.4473684210526314
706,"Stephen MacAleese",26.866666666666667,1375,1,1375,1.705955334987593
708,"Debee Lording",24.133333333333333,726,1,726,1.0027624309392265
709,"Lilli Bavester",23.533333333333335,644,1,644,0.9121813031161473
710,"Avivah Roddick",27.3,1753,2,876,2.1404151404151404
711,"Lin Norville",26.933333333333334,3274,4,818,4.051980198019802
714,"Marnie Dennington",24.466666666666665,1587,1,1587,2.162125340599455
715,"Lindsey McCuthais",19.133333333333333,1682,1,1682,2.9303135888501743
717,"Mellisent Druhan",25.833333333333332,699,1,699,0.9019354838709678
723,"Drusi Eagell",21.666666666666668,651,1,651,1.0015384615384615
724,"Etheline Bahde",28.3,592,1,592,0.6972909305064782
725,"Bucky Cragell",21.366666666666667,1498,1,1498,2.3369734789391576
726,"Rey Grasner",26.466666666666665,3309,2,1654,4.167506297229219
727,"Herschel Verdey",26.1,4428,4,1107,5.655172413793103
728,"Kellie Curbishley",25.6,1016,1,1016,1.3229166666666667
729,"Gerri McCarle",26.4,3156,3,1052,3.984848484848485
731,"Olimpia Tankus",25.8,771,1,771,0.9961240310077519
732,"Gorden Seago",25,4240,4,1060,5.653333333333333
733,"Otto Matyasik",24.833333333333332,1781,1,1781,2.3906040268456374
735,"Valentino Branney",21.233333333333334,851,1,851,1.335949764521193
736,"Delia Mably",28.366666666666667,2778,3,926,3.264394829612221
737,"Zebulen Zannotti",25.7,2699,2,1349,3.5006485084306096
738,"Lilyan Pirt",27.533333333333335,1136,1,1136,1.3753026634382566
739,"Kristel Klaaassen",28.366666666666667,3074,3,1024,3.6122209165687424
740,"Meryl Neeson",22,2991,3,997,4.531818181818182
742,"Selestina Dauber",27.966666666666665,3097,3,1032,3.6912991656734206
745,"Lindy Saltrese",18.666666666666668,1479,1,1479,2.6410714285714287
747,"Cristen Hagley",18.8,327,1,327,0.5797872340425532
750,"Mirabelle Vaney",28.366666666666667,1261,2,630,1.481786133960047
754,"Ninnetta Lammin",28.3,2972,3,990,3.5005889281507656
755,"Herbert Rock",20.433333333333334,1178,1,1178,1.9216965742251224
757,"Taffy Quimby",25.933333333333334,3826,3,1275,4.917737789203085
758,"Mallissa Lawdham",26.766666666666666,2764,2,1382,3.4420921544209215
761,"Jan Gligori",25.833333333333332,751,1,751,0.9690322580645161
762,"Eloise Ondrusek",18.966666666666665,736,1,736,1.2934973637961336
764,"Brod Phifer",26.9,1328,2,664,1.6456009913258984
765,"Marni Figiovanni",26,1667,1,1667,2.137179487179487
767,"Waylin Gasson",28.1,3491,3,1163,4.141162514827995
768,"Aida Warsap",25.733333333333334,2136,1,2136,2.766839378238342
769,"Sigmund Bothen",27.4,2421,2,1210,2.9452554744525545
770,"Thorsten Sowrey",21.633333333333333,1015,1,1015,1.563944530046225
771,"Paul McGavigan",25.9,1078,1,1078,1.3873873873873874
772,"Marlee Edser",25.766666666666666,2175,2,1087,2.813712807244502
773,"Paxon O'Shiel",28.233333333333334,998,1,998,1.17827626918536
774,"Ellynn Korba",25.466666666666665,2165,3,721,2.8337696335078535
775,"Edee Wildt",22.733333333333334,781,1,781,1.1451612903225807
776,"Felice Dumbleton",22.2,2201,2,1100,3.304804804804805
778,"Chastity Daniaud",23.833333333333332,3947,3,1315,5.520279720279721
780,"Cinda Alleyne",20.6,279,1,279,0.45145631067961167
781,"Denny Parlour",25.566666666666666,860,1,860,1.121251629726206
783,"Gusty Smallacombe",28.133333333333333,3021,3,1007,3.579383886255924
785,"Jillana Blankau",22.9,461,1,461,0.6710334788937409
786,"Lorine McLugish",25.3,519,1,519,0.6837944664031621
787,"Sharl Izzett",27.533333333333335,1812,2,906,2.1937046004842613
788,"Gwenette Kahen",22.366666666666667,1311,1,1311,1.9538002980625933
789,"Bone Perche",28.266666666666666,2674,2,1337,3.1533018867924527
790,"Drake Ivanilov",28.333333333333332,525,1,525,0.6176470588235294
791,"Jojo Toffanini",24.733333333333334,1749,2,874,2.357142857142857
793,"Tressa Cunnane",25.366666666666667,1953,2,976,2.566360052562418
794,"Elizabet Pippin",25.466666666666665,2723,2,1361,3.5641361256544504
795,"Berri O' Clovan",26.933333333333334,327,1,327,0.40470297029702973
796,"Perry McAless",25.2,2024,1,2024,2.677248677248677
797,"Rachelle Jelf",22.633333333333333,2298,1,2298,3.3843888070692194
799,"Gibbie Beardall",22.933333333333334,1468,2,734,2.133720930232558
800,"Katusha Ceney",24.3,1243,2,621,1.7050754458161865
801,"Morgana Weymouth",19.5,2015,2,1007,3.4444444444444446
802,"Amaleta Beange",23.933333333333334,100,1,100,0.1392757660167131
803,"Gertrude Harriott",24.233333333333334,2371,2,1185,3.261348005502063
807,"Dena Banbrick",27.4,1952,2,976,2.374695863746959
808,"Marvin Van Hault",18.666666666666668,390,1,390,0.6964285714285714
809,"Winn Siemandl",27.3,1863,2,931,2.2747252747252746
810,"Charles Duffitt",19.966666666666665,518,1,518,0.8647746243739566
812,"Else Bicheno",23.7,796,1,796,1.119549929676512
813,"Saul Franklyn",25.2,4969,3,1656,6.572751322751323
816,"Edithe Yitshak",19.833333333333332,675,1,675,1.134453781512605
817,"Joella Tiddeman",25.466666666666665,1709,1,1709,2.236910994764398
818,"Nathaniel McCandless",19.4,112,1,112,0.19243986254295534
820,"Normy Anlay",24.433333333333334,898,1,898,1.2251023192360164
821,"Errol Berkley",23.8,3034,2,1517,4.249299719887955
825,"Judith Plimmer",25.9,881,1,881,1.1338481338481339
827,"Eryn Harcus",24.633333333333333,1181,1,1181,1.598105548037889
828,"Tucky Kitchaside",27.133333333333333,3050,3,1016,3.746928746928747
829,"Marget Kells",25.933333333333334,1046,1,1046,1.3444730077120823
830,"Gertrudis Pergens",21.733333333333334,2649,2,1324,4.0628834355828225
833,"Hilliard Papes",20.5,2571,2,1285,4.180487804878049
834,"Glenn Keri",22.4,1606,2,803,2.3898809523809526
835,"Randell Shorte",28.133333333333333,2376,2,1188,2.815165876777251
836,"Nixie Fraczak",25.133333333333333,603,1,603,0.7997347480106101
840,"Ellene Dedam",28.033333333333335,3620,3,1206,4.304399524375743
841,"Rorie Hof",21.833333333333332,735,1,735,1.1221374045801527
842,"Millicent Stedson",27.2,2402,2,1201,2.9436274509803924
843,"Sheela Dovey",27.4,413,1,413,0.5024330900243309
844,"Lorelle Lancastle",25.8,1788,2,894,2.310077519379845
846,"Isidore Bleasdille",24.2,1956,2,978,2.6942148760330578
847,"Rowena Soall",25,1039,1,1039,1.3853333333333333
849,"Gina Pollen",20.1,716,1,716,1.187396351575456
851,"Worthy Pardoe",21.166666666666668,383,1,383,0.6031496062992125
852,"Lucas Cromly",25.7,3342,3,1114,4.334630350194552
853,"Brenden Roast",22.8,868,1,868,1.2690058479532165
854,"Lisle Worthing",26.266666666666666,1154,1,1154,1.4644670050761421
857,"Dianemarie Neicho",23.2,1068,1,1068,1.5344827586206897
865,"Ondrea Apark",25.966666666666665,1235,2,617,1.5853658536585367
867,"Hunfredo Peyto",20.8,940,1,940,1.5064102564102564
868,"Berry Rosiello",27.2,654,1,654,0.8014705882352942
869,"Vladimir Jandourek",26.933333333333334,1196,1,1196,1.4801980198019802
870,"Lorenzo Dutch",27.733333333333334,1477,2,738,1.7752403846153846
871,"Calypso Ellaway",27.333333333333332,1739,2,869,2.120731707317073
872,"Brendis Blackboro",26.766666666666666,2708,3,902,3.372353673723537
873,"Cecilla Pigford",27.666666666666668,225,2,112,0.2710843373493976
874,"Prissie Kondratovich",21.2,200,1,200,0.31446540880503143
876,"Glynda Dodshon",24.666666666666668,523,1,523,0.7067567567567568
878,"Elianore Syphas",22.166666666666668,1140,2,570,1.7142857142857142
882,"Bartel Clemendet",27.6,1908,3,636,2.3043478260869565
883,"Noel Siviour",21.2,1372,1,1372,2.157232704402516
884,"Frederique Hopkins",19.233333333333334,1299,1,1299,2.251299826689775
886,"Emylee Buscher",26.833333333333332,2072,2,1036,2.5739130434782607
887,"Killie Wigzell",26.066666666666666,1711,1,1711,2.187979539641944
889,"Kaitlin Jeanes",19.533333333333335,912,1,912,1.5563139931740615
892,"Jania Sailes",21.566666666666666,1427,1,1427,2.205564142194745
893,"Angelle Huby",22.166666666666668,530,1,530,0.7969924812030075
895,"Robena Gilbert",24.633333333333333,1437,1,1437,1.9445196211096076
896,"Thoma Seaking",23.233333333333334,1708,1,1708,2.4505021520803445
898,"Jillian Sauven",22.2,1950,2,975,2.9279279279279278
900,"Shelden Tinline",22.166666666666668,424,1,424,0.637593984962406
904,"Sutherlan Stepto",21.133333333333333,1014,1,1014,1.5993690851735016
906,"Vincent Kiledal",25.466666666666665,876,1,876,1.1465968586387434
907,"Aindrea Franzetti",25.733333333333334,2140,3,713,2.772020725388601
908,"Kakalina Ragge",21.566666666666666,4071,3,1357,6.292117465224111
909,"Patin Circuit",25.633333333333333,3059,3,1019,3.977893368010403
912,"Chancey Iacovozzo",20.366666666666667,828,2,414,1.3551554828150574
914,"Emmalee Camin",27,969,1,969,1.1962962962962962
916,"Gabriella Nutman",22.966666666666665,1152,1,1152,1.671988388969521
918,"Tracie Okey",20.566666666666666,896,1,896,1.4521880064829822
920,"Curcio Kiffin",21.9,836,1,836,1.2724505327245053
921,"Cindi McCague",19.833333333333332,624,1,624,1.0487394957983194
922,"Adena Venn",22.666666666666668,1752,2,876,2.5764705882352943
924,"Cherie Fairhead",19.7,1287,1,1287,2.1776649746192893
925,"Deirdre Burle",26.033333333333335,880,1,880,1.1267605633802817
926,"Vittorio Rosenstengel",28.133333333333333,3289,3,1096,3.896919431279621
927,"Joby Law",27.333333333333332,1441,1,1441,1.7573170731707317
928,"Hughie Trelease",23.7,890,1,890,1.2517580872011251
929,"Reba Crauford",21.166666666666668,1229,1,1229,1.9354330708661418
933,"Lenna Beau",20.633333333333333,698,1,698,1.1276252019386106
935,"Pen Andrzejczak",26.233333333333334,2141,1,2141,2.7204574332909783
936,"Mart Naismith",18.9,1718,1,1718,3.0299823633156966
937,"Judy Mesias",25.433333333333334,1764,2,882,2.311926605504587
940,"Jamesy Rennles",24.066666666666666,1759,1,1759,2.436288088642659
941,"Egon Figliovanni",19.166666666666668,815,1,815,1.4173913043478261
942,"Lacee Denyukin",23.933333333333334,610,1,610,0.8495821727019499
944,"Peri Pilsworth",22.5,810,1,810,1.2
945,"Lorilyn Vittet",25.233333333333334,2095,1,2095,2.7675033025099074
946,"Raul Crilly",28.366666666666667,636,1,636,0.7473560517038778
947,"Dulsea Collet",21.933333333333334,1467,1,1467,2.229483282674772
950,"Eustacia Andreassen",23.633333333333333,319,1,319,0.44992947813822287
951,"Cy Sabbins",25.233333333333334,840,1,840,1.1096433289299867
952,"Geri Renton",25.066666666666666,1018,1,1018,1.3537234042553192
954,"Timmie Kelshaw",19.466666666666665,1794,1,1794,3.0719178082191783
955,"Dolph Arrow",19.8,1685,1,1685,2.8367003367003365
956,"Camile Haveline",25.733333333333334,3373,3,1124,4.369170984455959
957,"Felic Marrian",25.5,1254,1,1254,1.6392156862745098
963,"Albina Disdel",21.3,1132,1,1132,1.7715179968701096
965,"Terri Lunny",26.233333333333334,1619,2,809,2.0571791613723
966,"Bunni Poundsford",26.166666666666668,600,1,600,0.7643312101910829
969,"Ginnie Glasheen",28.166666666666668,186,1,186,0.22011834319526627
970,"Delcine Pickthorn",23.2,505,1,505,0.7255747126436781
971,"Constance Piddington",28.166666666666668,2069,3,689,2.4485207100591717
973,"Lars Stading",22.433333333333334,2116,1,2116,3.1441307578008915
974,"Tally Rubel",25.866666666666667,797,1,797,1.027061855670103
977,"Michell Lappine",27.566666666666666,1963,1,1963,2.373639661426844
980,"Sharleen Langworthy",25.666666666666668,2318,2,1159,3.0103896103896104
981,"Darby Aistrop",23.233333333333334,1747,1,1747,2.5064562410329985
984,"Devin Lindmark",18.966666666666665,575,1,575,1.0105448154657293
986,"Theodosia Postins",27.7,3573,2,1786,4.299638989169675
987,"Grady Wipper",26.933333333333334,1715,2,857,2.1225247524752477
988,"Tommie Benoy",27.2,1046,1,1046,1.2818627450980393
989,"Sauncho Boosey",28.033333333333335,1815,2,907,2.1581450653983354
991,"Cristina Jowling",26,942,1,942,1.2076923076923076
993,"Orella Singyard",25.733333333333334,892,1,892,1.1554404145077721
994,"Vanna Densham",28.033333333333335,1716,1,1716,2.0404280618311534
995,"Leandra Derks",21.3,2140,1,2140,3.348982785602504
996,"Elvira Sarfati",26.166666666666668,3045,2,1522,3.878980891719745
998,"Rebecka Fabler",28.266666666666666,4415,4,1103,5.206367924528302
1000,"Mandel Fairbanks",18.966666666666665,1483,1,1483,2.606326889279438
